<?xml version = '1.0' encoding = 'UTF-8'?>
<Table class="oracle.dbtools.crest.model.design.relational.Table" directorySegmentName="seg_0" id="45CFC85B-986D-FEB2-6AC4-57C7821F3C8B" name="Grad">
<createdBy>lazol</createdBy>
<createdTime>2023-05-26 22:30:21 UTC</createdTime>
<generatorID>0D12B8F7-7DE5-44FF-6DE0-4AEC22AFBC37</generatorID>
<ownerDesignName>ERD</ownerDesignName>
<allowColumnReorder>false</allowColumnReorder>
<existDependencyGenerateInDDl>true</existDependencyGenerateInDDl>
<parsed>true</parsed>
<columns itemClass="oracle.dbtools.crest.model.design.relational.Column">
<Column name="GradID" id="754F843C-D740-A8C4-348E-B734C1193D5A">
<createdBy>lazol</createdBy>
<createdTime>2023-05-26 22:30:21 UTC</createdTime>
<generatorID>4F922E7F-2AC4-2666-2608-125C058D573D</generatorID>
<ownerDesignName>ERD</ownerDesignName>
<useDomainConstraints>false</useDomainConstraints>
<use>1</use>
<logicalDatatype>LOGDT019</logicalDatatype>
<ownDataTypeParameters>,,</ownDataTypeParameters>
<autoIncrementCycle>false</autoIncrementCycle>
</Column>
<Column name="Grad" id="D63BBC37-C70C-10ED-FDE9-05D62370D793">
<createdBy>lazol</createdBy>
<createdTime>2023-05-26 22:30:21 UTC</createdTime>
<generatorID>56A06152-B5F6-F469-B46F-495B94F248FB</generatorID>
<ownerDesignName>ERD</ownerDesignName>
<useDomainConstraints>false</useDomainConstraints>
<use>1</use>
<logicalDatatype>LOGDT024</logicalDatatype>
<dataTypeSize>255</dataTypeSize>
<ownDataTypeParameters>255,,</ownDataTypeParameters>
<autoIncrementCycle>false</autoIncrementCycle>
</Column>
<Column name="PozivniBroj" id="A3588248-E3E2-867E-0521-25E8AE87935F">
<createdBy>lazol</createdBy>
<createdTime>2023-05-26 22:30:21 UTC</createdTime>
<generatorID>ABA5A433-F102-0D0D-0FDC-0306729DE6FE</generatorID>
<ownerDesignName>ERD</ownerDesignName>
<useDomainConstraints>false</useDomainConstraints>
<use>1</use>
<logicalDatatype>LOGDT024</logicalDatatype>
<dataTypeSize>12</dataTypeSize>
<ownDataTypeParameters>12,,</ownDataTypeParameters>
<autoIncrementCycle>false</autoIncrementCycle>
</Column>
<Column name="PostanskiBroj" id="670A7415-14F2-8FB9-AC26-A29B94FC0123">
<createdBy>lazol</createdBy>
<createdTime>2023-05-26 22:30:21 UTC</createdTime>
<generatorID>0BF9D4D5-7EDB-EE54-7105-CF2423D39C3D</generatorID>
<ownerDesignName>ERD</ownerDesignName>
<useDomainConstraints>false</useDomainConstraints>
<use>1</use>
<logicalDatatype>LOGDT024</logicalDatatype>
<dataTypeSize>10</dataTypeSize>
<ownDataTypeParameters>10,,</ownDataTypeParameters>
<autoIncrementCycle>false</autoIncrementCycle>
</Column>
<Column name="BrojStanovnika" id="89896921-110C-AA14-55FD-41655D7D3510">
<createdBy>lazol</createdBy>
<createdTime>2023-05-26 22:30:21 UTC</createdTime>
<generatorID>DB5AF392-7E09-7F55-AA3B-31DD6DC1A8C1</generatorID>
<ownerDesignName>ERD</ownerDesignName>
<useDomainConstraints>false</useDomainConstraints>
<use>1</use>
<logicalDatatype>LOGDT019</logicalDatatype>
<ownDataTypeParameters>,,</ownDataTypeParameters>
<autoIncrementCycle>false</autoIncrementCycle>
</Column>
</columns>
<indexes itemClass="oracle.dbtools.crest.model.design.relational.Index">
<ind_PK_UK id="699DA9CB-ED0E-9EFF-5161-CE034D938571" name="Grad_PK">
<createdBy>lazol</createdBy>
<createdTime>2023-05-26 22:30:21 UTC</createdTime>
<generatorID>5FD412E5-C5CF-6C0B-8087-D89B6A56A94D</generatorID>
<ownerDesignName>ERD</ownerDesignName>
<pk>true</pk>
<indexState>Primary Constraint</indexState>
<isSurrogateKey>false</isSurrogateKey>
<indexColumnUsage>
<colUsage columnID="754F843C-D740-A8C4-348E-B734C1193D5A"/>
</indexColumnUsage>
</ind_PK_UK>
</indexes>
</Table>