<?xml version = '1.0' encoding = 'UTF-8'?>
<Table class="oracle.dbtools.crest.model.design.relational.Table" directorySegmentName="seg_0" id="48529E65-5621-F3AA-AD68-78AAC424F5CF" name="Vozilo">
<createdBy>lazol</createdBy>
<createdTime>2023-05-26 22:30:21 UTC</createdTime>
<generatorID>182FA58D-F383-AC60-EE8A-3D173F1B8A3B</generatorID>
<ownerDesignName>ERD</ownerDesignName>
<allowColumnReorder>false</allowColumnReorder>
<existDependencyGenerateInDDl>true</existDependencyGenerateInDDl>
<parsed>true</parsed>
<columns itemClass="oracle.dbtools.crest.model.design.relational.Column">
<Column name="VoziloID" id="7E3CFE99-3B20-13BC-BE95-41770668123F">
<createdBy>lazol</createdBy>
<createdTime>2023-05-26 22:30:21 UTC</createdTime>
<generatorID>A0FB8EA1-AF24-DA52-5753-5025D7D15EC5</generatorID>
<ownerDesignName>ERD</ownerDesignName>
<useDomainConstraints>false</useDomainConstraints>
<use>1</use>
<logicalDatatype>LOGDT019</logicalDatatype>
<ownDataTypeParameters>,,</ownDataTypeParameters>
<autoIncrementCycle>false</autoIncrementCycle>
</Column>
<Column name="BrojSasije" id="11F36E52-B832-AFF0-1AE7-BC72545202CD">
<createdBy>lazol</createdBy>
<createdTime>2023-05-26 22:30:21 UTC</createdTime>
<generatorID>29139195-2681-E79C-FC7D-5D299470E79A</generatorID>
<ownerDesignName>ERD</ownerDesignName>
<useDomainConstraints>false</useDomainConstraints>
<use>1</use>
<logicalDatatype>LOGDT024</logicalDatatype>
<dataTypeSize>255</dataTypeSize>
<ownDataTypeParameters>255,,</ownDataTypeParameters>
<autoIncrementCycle>false</autoIncrementCycle>
</Column>
<Column name="BrojMotora" id="B430E7F2-4D4F-AA4D-EC66-BF8408B2ED42">
<createdBy>lazol</createdBy>
<createdTime>2023-05-26 22:30:21 UTC</createdTime>
<generatorID>37B71D04-2467-2919-6B35-52DF5B7A03B7</generatorID>
<ownerDesignName>ERD</ownerDesignName>
<useDomainConstraints>false</useDomainConstraints>
<use>1</use>
<logicalDatatype>LOGDT024</logicalDatatype>
<dataTypeSize>255</dataTypeSize>
<ownDataTypeParameters>255,,</ownDataTypeParameters>
<autoIncrementCycle>false</autoIncrementCycle>
</Column>
<Column name="VelicinaMotora" id="16789C82-8366-4DC8-916D-533FB73808E2">
<createdBy>lazol</createdBy>
<createdTime>2023-05-26 22:30:21 UTC</createdTime>
<generatorID>E13A844B-2991-CE50-70C2-6621CD994781</generatorID>
<ownerDesignName>ERD</ownerDesignName>
<useDomainConstraints>false</useDomainConstraints>
<use>1</use>
<logicalDatatype>LOGDT019</logicalDatatype>
<ownDataTypeParameters>,,</ownDataTypeParameters>
<autoIncrementCycle>false</autoIncrementCycle>
</Column>
<Column name="GodinaRegistracije" id="A68203C1-A8D0-A6E8-A866-D27A0C39795F">
<createdBy>lazol</createdBy>
<createdTime>2023-05-26 22:30:21 UTC</createdTime>
<generatorID>C79823A0-2D29-D3D0-B6AB-F4566A1658DD</generatorID>
<ownerDesignName>ERD</ownerDesignName>
<useDomainConstraints>false</useDomainConstraints>
<use>1</use>
<logicalDatatype>LOGDT007</logicalDatatype>
<ownDataTypeParameters>,,</ownDataTypeParameters>
<autoIncrementCycle>false</autoIncrementCycle>
</Column>
<Column name="RegistarskiBroj" id="FE4BE5B5-0341-1198-04D6-970870B8A080">
<createdBy>lazol</createdBy>
<createdTime>2023-05-26 22:30:21 UTC</createdTime>
<generatorID>4EA2B702-AEA6-C803-7646-B1A38526CF62</generatorID>
<ownerDesignName>ERD</ownerDesignName>
<useDomainConstraints>false</useDomainConstraints>
<use>1</use>
<logicalDatatype>LOGDT024</logicalDatatype>
<dataTypeSize>15</dataTypeSize>
<ownDataTypeParameters>15,,</ownDataTypeParameters>
<autoIncrementCycle>false</autoIncrementCycle>
</Column>
<Column name="Vrednost" id="7FC10D0F-AC58-A566-73DE-48E980DF8D82">
<createdBy>lazol</createdBy>
<createdTime>2023-05-26 22:30:21 UTC</createdTime>
<generatorID>07C9E5A8-3974-E5A0-48E8-D4A78D742A88</generatorID>
<ownerDesignName>ERD</ownerDesignName>
<useDomainConstraints>false</useDomainConstraints>
<use>1</use>
<logicalDatatype>LOGDT019</logicalDatatype>
<ownDataTypeParameters>,,</ownDataTypeParameters>
<autoIncrementCycle>false</autoIncrementCycle>
</Column>
<Column name="Model_ModelID" id="7920942F-C75D-070C-43E3-D56C82A7BB79">
<createdBy>lazol</createdBy>
<createdTime>2023-05-26 22:30:21 UTC</createdTime>
<generatorID>639144F2-39C9-1083-2DAC-772605BC677E</generatorID>
<ownerDesignName>ERD</ownerDesignName>
<useDomainConstraints>false</useDomainConstraints>
<use>1</use>
<logicalDatatype>LOGDT019</logicalDatatype>
<ownDataTypeParameters>,,</ownDataTypeParameters>
<previousColumn>false</previousColumn>
<autoIncrementCycle>false</autoIncrementCycle>
<associations>
<colAssociation fkAssociation="D2B9B278-70A5-4076-BA02-2A6C110A8409" referredColumn="4C8322B9-A442-7063-4B0A-73E73AE6E380"/>
</associations>
</Column>
<Column name="Polisa_PolisaID" id="7D2F54C8-0491-45A3-C183-84E606734F6A">
<createdBy>lazol</createdBy>
<createdTime>2023-05-26 22:30:21 UTC</createdTime>
<generatorID>377EEDAB-5A67-5E4E-2BD0-0E8843C580C8</generatorID>
<ownerDesignName>ERD</ownerDesignName>
<useDomainConstraints>false</useDomainConstraints>
<use>1</use>
<logicalDatatype>LOGDT019</logicalDatatype>
<ownDataTypeParameters>,,</ownDataTypeParameters>
<previousColumn>false</previousColumn>
<autoIncrementCycle>false</autoIncrementCycle>
<associations>
<colAssociation fkAssociation="067B6340-4A98-410D-E0F8-E3807B5E48E0" referredColumn="6CF9E38C-8036-F924-C2C0-4A6C1C39DE23"/>
</associations>
</Column>
</columns>
<indexes itemClass="oracle.dbtools.crest.model.design.relational.Index">
<ind_PK_UK id="5D3AB504-8767-564E-3675-DC126744088F" name="Vozilo_PK">
<createdBy>lazol</createdBy>
<createdTime>2023-05-26 22:30:21 UTC</createdTime>
<generatorID>630AF16F-3E9B-4DD0-99B8-913090A6E025</generatorID>
<ownerDesignName>ERD</ownerDesignName>
<pk>true</pk>
<indexState>Primary Constraint</indexState>
<isSurrogateKey>false</isSurrogateKey>
<indexColumnUsage>
<colUsage columnID="7E3CFE99-3B20-13BC-BE95-41770668123F"/>
</indexColumnUsage>
</ind_PK_UK>
<ind_PK_UK id="B3E20313-5D52-F6AA-E9F3-69EDA2C5400F" name="Vozilo_Model_FK">
<createdBy>lazol</createdBy>
<createdTime>2023-05-26 22:30:21 UTC</createdTime>
<generatorID>382CECA5-8C86-4A63-2AB4-17D77D1F5EB0</generatorID>
<ownerDesignName>ERD</ownerDesignName>
<indexState>Foreign Key</indexState>
<isSurrogateKey>false</isSurrogateKey>
<indexColumnUsage>
<colUsage columnID="7920942F-C75D-070C-43E3-D56C82A7BB79"/>
</indexColumnUsage>
</ind_PK_UK>
<ind_PK_UK id="5A5A44B4-C72C-A4DA-B0A6-FC583A891CDC" name="Vozilo_Polisa_FK">
<createdBy>lazol</createdBy>
<createdTime>2023-05-26 22:30:21 UTC</createdTime>
<generatorID>09838817-35CE-A2C8-2465-6FA0C46D9F12</generatorID>
<ownerDesignName>ERD</ownerDesignName>
<indexState>Foreign Key</indexState>
<isSurrogateKey>false</isSurrogateKey>
<indexColumnUsage>
<colUsage columnID="7D2F54C8-0491-45A3-C183-84E606734F6A"/>
</indexColumnUsage>
</ind_PK_UK>
</indexes>
</Table>