<?xml version = '1.0' encoding = 'UTF-8'?>
<Table class="oracle.dbtools.crest.model.design.relational.Table" directorySegmentName="seg_0" id="999D59E8-CBAE-D802-C664-AD9FFDFD21C3" name="Model">
<createdBy>lazol</createdBy>
<createdTime>2023-05-26 22:30:21 UTC</createdTime>
<generatorID>B81443BF-B45F-53FD-6258-CBD44F4ADFC6</generatorID>
<ownerDesignName>ERD</ownerDesignName>
<allowColumnReorder>false</allowColumnReorder>
<existDependencyGenerateInDDl>true</existDependencyGenerateInDDl>
<parsed>true</parsed>
<columns itemClass="oracle.dbtools.crest.model.design.relational.Column">
<Column name="ModelID" id="4C8322B9-A442-7063-4B0A-73E73AE6E380">
<createdBy>lazol</createdBy>
<createdTime>2023-05-26 22:30:21 UTC</createdTime>
<generatorID>0F41041B-E59F-3E88-530A-4BDFA19D7C9D</generatorID>
<ownerDesignName>ERD</ownerDesignName>
<useDomainConstraints>false</useDomainConstraints>
<use>1</use>
<logicalDatatype>LOGDT019</logicalDatatype>
<ownDataTypeParameters>,,</ownDataTypeParameters>
<autoIncrementCycle>false</autoIncrementCycle>
</Column>
<Column name="Naziv" id="E96FEFF0-0773-DFA3-F833-98D96DDEA274">
<createdBy>lazol</createdBy>
<createdTime>2023-05-26 22:30:21 UTC</createdTime>
<generatorID>5C935460-2290-D13B-DD77-63DB86A6539B</generatorID>
<ownerDesignName>ERD</ownerDesignName>
<useDomainConstraints>false</useDomainConstraints>
<use>1</use>
<logicalDatatype>LOGDT024</logicalDatatype>
<dataTypeSize>255</dataTypeSize>
<ownDataTypeParameters>255,,</ownDataTypeParameters>
<autoIncrementCycle>false</autoIncrementCycle>
</Column>
<Column name="NazivFajla" id="D32B3F56-6CF7-B082-22AE-2F07AA5BDDE8">
<createdBy>lazol</createdBy>
<createdTime>2023-05-26 22:30:21 UTC</createdTime>
<generatorID>4CD299BD-9D60-812C-97E6-0B43E88D2AE2</generatorID>
<ownerDesignName>ERD</ownerDesignName>
<useDomainConstraints>false</useDomainConstraints>
<use>1</use>
<logicalDatatype>LOGDT024</logicalDatatype>
<dataTypeSize>255</dataTypeSize>
<ownDataTypeParameters>255,,</ownDataTypeParameters>
<autoIncrementCycle>false</autoIncrementCycle>
</Column>
<Column name="Slika" id="99205B6B-F4DF-F05A-4DED-E37FF677F662">
<createdBy>lazol</createdBy>
<createdTime>2023-05-26 22:30:21 UTC</createdTime>
<generatorID>E6F24FA2-7E2E-FDEA-4000-4DC780580F20</generatorID>
<ownerDesignName>ERD</ownerDesignName>
<useDomainConstraints>false</useDomainConstraints>
<use>1</use>
<logicalDatatype>LOGDT041</logicalDatatype>
<ownDataTypeParameters>,,</ownDataTypeParameters>
<autoIncrementCycle>false</autoIncrementCycle>
</Column>
<Column name="Kubikaza" id="2811DCD2-10A0-6A45-90CB-A505E1954162">
<createdBy>lazol</createdBy>
<createdTime>2023-05-26 22:30:21 UTC</createdTime>
<generatorID>FD14C4C0-D365-1ABA-FBD2-9D0E402FD400</generatorID>
<ownerDesignName>ERD</ownerDesignName>
<useDomainConstraints>false</useDomainConstraints>
<use>1</use>
<logicalDatatype>LOGDT019</logicalDatatype>
<ownDataTypeParameters>,,</ownDataTypeParameters>
<autoIncrementCycle>false</autoIncrementCycle>
</Column>
<Column name="Proizvodjac_ProizvodjacID" id="5C4A6580-0E22-BC92-28D2-015FB5A82CA4">
<createdBy>lazol</createdBy>
<createdTime>2023-05-26 22:30:21 UTC</createdTime>
<generatorID>463C6A15-D2C5-5262-1D1A-42770F527AB6</generatorID>
<ownerDesignName>ERD</ownerDesignName>
<useDomainConstraints>false</useDomainConstraints>
<use>1</use>
<logicalDatatype>LOGDT019</logicalDatatype>
<ownDataTypeParameters>,,</ownDataTypeParameters>
<previousColumn>false</previousColumn>
<autoIncrementCycle>false</autoIncrementCycle>
<associations>
<colAssociation fkAssociation="14E7ED32-520E-5C98-4202-F4B64945EEE1" referredColumn="AEAC38A0-F71B-B15D-E5EC-423D00329296"/>
</associations>
</Column>
</columns>
<indexes itemClass="oracle.dbtools.crest.model.design.relational.Index">
<ind_PK_UK id="3DAA8AB4-110A-5F0F-8E78-E6EDDD513D18" name="Model_PK">
<createdBy>lazol</createdBy>
<createdTime>2023-05-26 22:30:21 UTC</createdTime>
<generatorID>7F80716E-88B3-24FA-C1FA-E764E3E35FF2</generatorID>
<ownerDesignName>ERD</ownerDesignName>
<pk>true</pk>
<indexState>Primary Constraint</indexState>
<isSurrogateKey>false</isSurrogateKey>
<indexColumnUsage>
<colUsage columnID="4C8322B9-A442-7063-4B0A-73E73AE6E380"/>
</indexColumnUsage>
</ind_PK_UK>
<ind_PK_UK id="B3F77D5C-A254-860F-90B1-C22D3A918C0E" name="Model_Proizvodjac_FK">
<createdBy>lazol</createdBy>
<createdTime>2023-05-26 22:30:21 UTC</createdTime>
<generatorID>363CF19A-9B29-202A-E061-B65056801B12</generatorID>
<ownerDesignName>ERD</ownerDesignName>
<indexState>Foreign Key</indexState>
<isSurrogateKey>false</isSurrogateKey>
<indexColumnUsage>
<colUsage columnID="5C4A6580-0E22-BC92-28D2-015FB5A82CA4"/>
</indexColumnUsage>
</ind_PK_UK>
</indexes>
</Table>