<?xml version = '1.0' encoding = 'UTF-8'?>
<Entity class="oracle.dbtools.crest.model.design.logical.Entity" directorySegmentName="seg_0" id="0D12B8F7-7DE5-44FF-6DE0-4AEC22AFBC37" name="Grad">
<createdBy>lazol</createdBy>
<createdTime>2023-05-26 22:11:01 UTC</createdTime>
<ownerDesignName>ERD</ownerDesignName>
<engineerTo>
<item key="1F2D94FA-E025-FD26-92DA-79253CB5D8B1" value="true"/>
</engineerTo>
<adequatelyNormalized>NO</adequatelyNormalized>
<expectedVolumes>0</expectedVolumes>
<fwdEngineeringStrategyName>Single Table</fwdEngineeringStrategyName>
<growthPercent>0</growthPercent>
<growthType>Year</growthType>
<maxVolumes>9999999</maxVolumes>
<minVolumes>0</minVolumes>
<normalForm>Third</normalForm>
<attributes itemClass="oracle.dbtools.crest.model.design.logical.Attribute">
<Attribute name="GradID" id="4F922E7F-2AC4-2666-2608-125C058D573D">
<createdBy>lazol</createdBy>
<createdTime>2023-05-26 22:11:17 UTC</createdTime>
<ownerDesignName>ERD</ownerDesignName>
<engineerTo>
<item key="1F2D94FA-E025-FD26-92DA-79253CB5D8B1" value="true"/>
</engineerTo>
<useDomainConstraints>false</useDomainConstraints>
<use>1</use>
<logicalDatatype>LOGDT019</logicalDatatype>
<ownDataTypeParameters>,,</ownDataTypeParameters>
</Attribute>
<Attribute name="Grad" id="56A06152-B5F6-F469-B46F-495B94F248FB">
<createdBy>lazol</createdBy>
<createdTime>2023-05-26 22:11:30 UTC</createdTime>
<ownerDesignName>ERD</ownerDesignName>
<engineerTo>
<item key="1F2D94FA-E025-FD26-92DA-79253CB5D8B1" value="true"/>
</engineerTo>
<useDomainConstraints>false</useDomainConstraints>
<use>1</use>
<logicalDatatype>LOGDT024</logicalDatatype>
<dataTypeSize>255</dataTypeSize>
<ownDataTypeParameters>255,,</ownDataTypeParameters>
</Attribute>
<Attribute name="PozivniBroj" id="ABA5A433-F102-0D0D-0FDC-0306729DE6FE">
<createdBy>lazol</createdBy>
<createdTime>2023-05-26 22:11:42 UTC</createdTime>
<ownerDesignName>ERD</ownerDesignName>
<engineerTo>
<item key="1F2D94FA-E025-FD26-92DA-79253CB5D8B1" value="true"/>
</engineerTo>
<useDomainConstraints>false</useDomainConstraints>
<use>1</use>
<logicalDatatype>LOGDT024</logicalDatatype>
<dataTypeSize>12</dataTypeSize>
<ownDataTypeParameters>12,,</ownDataTypeParameters>
</Attribute>
<Attribute name="PostanskiBroj" id="0BF9D4D5-7EDB-EE54-7105-CF2423D39C3D">
<createdBy>lazol</createdBy>
<createdTime>2023-05-26 22:12:17 UTC</createdTime>
<ownerDesignName>ERD</ownerDesignName>
<engineerTo>
<item key="1F2D94FA-E025-FD26-92DA-79253CB5D8B1" value="true"/>
</engineerTo>
<useDomainConstraints>false</useDomainConstraints>
<use>1</use>
<logicalDatatype>LOGDT024</logicalDatatype>
<dataTypeSize>10</dataTypeSize>
<ownDataTypeParameters>10,,</ownDataTypeParameters>
</Attribute>
<Attribute name="BrojStanovnika" id="DB5AF392-7E09-7F55-AA3B-31DD6DC1A8C1">
<createdBy>lazol</createdBy>
<createdTime>2023-05-26 22:12:35 UTC</createdTime>
<ownerDesignName>ERD</ownerDesignName>
<engineerTo>
<item key="1F2D94FA-E025-FD26-92DA-79253CB5D8B1" value="true"/>
</engineerTo>
<useDomainConstraints>false</useDomainConstraints>
<use>1</use>
<logicalDatatype>LOGDT019</logicalDatatype>
<ownDataTypeParameters>,,</ownDataTypeParameters>
</Attribute>
</attributes>
<identifiers itemClass="oracle.dbtools.crest.model.design.logical.CandidateKey">
<identifier id="5FD412E5-C5CF-6C0B-8087-D89B6A56A94D" name="Grad PK">
<createdBy>lazol</createdBy>
<createdTime>2023-05-26 22:11:29 UTC</createdTime>
<ownerDesignName>ERD</ownerDesignName>
<engineerTo>
<item key="1F2D94FA-E025-FD26-92DA-79253CB5D8B1" value="true"/>
</engineerTo>
<pk>true</pk>
<usedAttributes>
<attributeRef>4F922E7F-2AC4-2666-2608-125C058D573D</attributeRef>
</usedAttributes>
</identifier>
</identifiers>
</Entity>