<?xml version = '1.0' encoding = 'UTF-8'?>
<Entity class="oracle.dbtools.crest.model.design.logical.Entity" directorySegmentName="seg_0" id="B81443BF-B45F-53FD-6258-CBD44F4ADFC6" name="Model">
<createdBy>lazol</createdBy>
<createdTime>2023-05-26 22:16:20 UTC</createdTime>
<ownerDesignName>ERD</ownerDesignName>
<engineerTo>
<item key="1F2D94FA-E025-FD26-92DA-79253CB5D8B1" value="true"/>
</engineerTo>
<adequatelyNormalized>NO</adequatelyNormalized>
<expectedVolumes>0</expectedVolumes>
<fwdEngineeringStrategyName>Single Table</fwdEngineeringStrategyName>
<growthPercent>0</growthPercent>
<growthType>Year</growthType>
<maxVolumes>9999999</maxVolumes>
<minVolumes>0</minVolumes>
<normalForm>Third</normalForm>
<attributes itemClass="oracle.dbtools.crest.model.design.logical.Attribute">
<Attribute name="ModelID" id="0F41041B-E59F-3E88-530A-4BDFA19D7C9D">
<createdBy>lazol</createdBy>
<createdTime>2023-05-26 22:16:24 UTC</createdTime>
<ownerDesignName>ERD</ownerDesignName>
<engineerTo>
<item key="1F2D94FA-E025-FD26-92DA-79253CB5D8B1" value="true"/>
</engineerTo>
<useDomainConstraints>false</useDomainConstraints>
<use>1</use>
<logicalDatatype>LOGDT019</logicalDatatype>
<ownDataTypeParameters>,,</ownDataTypeParameters>
</Attribute>
<Attribute name="Naziv" id="5C935460-2290-D13B-DD77-63DB86A6539B">
<createdBy>lazol</createdBy>
<createdTime>2023-05-26 22:16:34 UTC</createdTime>
<ownerDesignName>ERD</ownerDesignName>
<engineerTo>
<item key="1F2D94FA-E025-FD26-92DA-79253CB5D8B1" value="true"/>
</engineerTo>
<useDomainConstraints>false</useDomainConstraints>
<use>1</use>
<logicalDatatype>LOGDT024</logicalDatatype>
<dataTypeSize>255</dataTypeSize>
<ownDataTypeParameters>255,,</ownDataTypeParameters>
</Attribute>
<Attribute name="NazivFajla" id="4CD299BD-9D60-812C-97E6-0B43E88D2AE2">
<createdBy>lazol</createdBy>
<createdTime>2023-05-26 22:16:47 UTC</createdTime>
<ownerDesignName>ERD</ownerDesignName>
<engineerTo>
<item key="1F2D94FA-E025-FD26-92DA-79253CB5D8B1" value="true"/>
</engineerTo>
<useDomainConstraints>false</useDomainConstraints>
<use>1</use>
<logicalDatatype>LOGDT024</logicalDatatype>
<dataTypeSize>255</dataTypeSize>
<ownDataTypeParameters>255,,</ownDataTypeParameters>
</Attribute>
<Attribute name="Slika" id="E6F24FA2-7E2E-FDEA-4000-4DC780580F20">
<createdBy>lazol</createdBy>
<createdTime>2023-05-26 22:17:14 UTC</createdTime>
<ownerDesignName>ERD</ownerDesignName>
<engineerTo>
<item key="1F2D94FA-E025-FD26-92DA-79253CB5D8B1" value="true"/>
</engineerTo>
<useDomainConstraints>false</useDomainConstraints>
<use>1</use>
<logicalDatatype>LOGDT041</logicalDatatype>
<ownDataTypeParameters>,,</ownDataTypeParameters>
</Attribute>
<Attribute name="Kubikaza" id="FD14C4C0-D365-1ABA-FBD2-9D0E402FD400">
<createdBy>lazol</createdBy>
<createdTime>2023-05-26 22:17:28 UTC</createdTime>
<ownerDesignName>ERD</ownerDesignName>
<engineerTo>
<item key="1F2D94FA-E025-FD26-92DA-79253CB5D8B1" value="true"/>
</engineerTo>
<useDomainConstraints>false</useDomainConstraints>
<use>1</use>
<logicalDatatype>LOGDT019</logicalDatatype>
<ownDataTypeParameters>,,</ownDataTypeParameters>
</Attribute>
<Attribute name="ProizvodjacID" id="463C6A15-D2C5-5262-1D1A-42770F527AB6">
<createdBy>lazol</createdBy>
<createdTime>2023-05-26 22:25:19 UTC</createdTime>
<generatorID>363CF19A-9B29-202A-E061-B65056801B12</generatorID>
<ownerDesignName>ERD</ownerDesignName>
<engineerTo>
<item key="1F2D94FA-E025-FD26-92DA-79253CB5D8B1" value="true"/>
</engineerTo>
<referedAttribute>8BF1F398-1ECF-78E3-131E-7EA145E1A345</referedAttribute>
<useDomainConstraints>false</useDomainConstraints>
<use>1</use>
<logicalDatatype>LOGDT019</logicalDatatype>
<ownDataTypeParameters>,,</ownDataTypeParameters>
</Attribute>
</attributes>
<identifiers itemClass="oracle.dbtools.crest.model.design.logical.CandidateKey">
<identifier id="7F80716E-88B3-24FA-C1FA-E764E3E35FF2" name="Model PK">
<createdBy>lazol</createdBy>
<createdTime>2023-05-26 22:16:34 UTC</createdTime>
<ownerDesignName>ERD</ownerDesignName>
<engineerTo>
<item key="1F2D94FA-E025-FD26-92DA-79253CB5D8B1" value="true"/>
</engineerTo>
<pk>true</pk>
<usedAttributes>
<attributeRef>0F41041B-E59F-3E88-530A-4BDFA19D7C9D</attributeRef>
</usedAttributes>
</identifier>
</identifiers>
</Entity>