<?xml version = '1.0' encoding = 'UTF-8'?>
<Entity class="oracle.dbtools.crest.model.design.logical.Entity" directorySegmentName="seg_0" id="EBEED8A5-250A-C586-F31A-08ACD7A3BA63" name="Prekrsaj_Vozac">
<createdBy>lazol</createdBy>
<createdTime>2023-05-26 22:29:21 UTC</createdTime>
<ownerDesignName>ERD</ownerDesignName>
<engineerTo>
<item key="1F2D94FA-E025-FD26-92DA-79253CB5D8B1" value="true"/>
</engineerTo>
<adequatelyNormalized>NO</adequatelyNormalized>
<expectedVolumes>0</expectedVolumes>
<fwdEngineeringStrategyName>Single Table</fwdEngineeringStrategyName>
<growthPercent>0</growthPercent>
<growthType>Year</growthType>
<maxVolumes>9999999</maxVolumes>
<minVolumes>0</minVolumes>
<normalForm>Third</normalForm>
<attributes itemClass="oracle.dbtools.crest.model.design.logical.Attribute">
<Attribute name="PrekrsajID" id="8EDCD90B-EFEF-9DC2-53CE-18EB758081D5">
<createdBy>lazol</createdBy>
<createdTime>2023-05-26 22:29:54 UTC</createdTime>
<generatorID>452F8AD4-2E29-14AB-02AC-004F56F4A148</generatorID>
<ownerDesignName>ERD</ownerDesignName>
<engineerTo>
<item key="1F2D94FA-E025-FD26-92DA-79253CB5D8B1" value="true"/>
</engineerTo>
<referedAttribute>F6392A84-A47F-C041-3EAF-DD96008BD365</referedAttribute>
<useDomainConstraints>false</useDomainConstraints>
<use>1</use>
<logicalDatatype>LOGDT019</logicalDatatype>
<ownDataTypeParameters>,,</ownDataTypeParameters>
</Attribute>
<Attribute name="VoziloID" id="9850F177-5FD4-53AA-6779-6DFE7BDF48E0">
<createdBy>lazol</createdBy>
<createdTime>2023-05-26 22:30:08 UTC</createdTime>
<generatorID>524C787C-CDD6-BDB3-226C-63FA936F0AC0</generatorID>
<ownerDesignName>ERD</ownerDesignName>
<engineerTo>
<item key="1F2D94FA-E025-FD26-92DA-79253CB5D8B1" value="true"/>
</engineerTo>
<referedAttribute>A0FB8EA1-AF24-DA52-5753-5025D7D15EC5</referedAttribute>
<useDomainConstraints>false</useDomainConstraints>
<use>1</use>
<logicalDatatype>LOGDT019</logicalDatatype>
<ownDataTypeParameters>,,</ownDataTypeParameters>
</Attribute>
</attributes>
<identifiers itemClass="oracle.dbtools.crest.model.design.logical.CandidateKey">
<identifier id="9768DA31-F101-0C4F-24C9-DBAD8105AC22" name="Prekrsaj_Vozac PK">
<createdBy>lazol</createdBy>
<createdTime>2023-05-26 22:30:01 UTC</createdTime>
<ownerDesignName>ERD</ownerDesignName>
<engineerTo>
<item key="1F2D94FA-E025-FD26-92DA-79253CB5D8B1" value="true"/>
</engineerTo>
<pk>true</pk>
<usedAttributes>
<attributeRef>8EDCD90B-EFEF-9DC2-53CE-18EB758081D5</attributeRef>
<attributeRef>9850F177-5FD4-53AA-6779-6DFE7BDF48E0</attributeRef>
</usedAttributes>
</identifier>
</identifiers>
</Entity>